{"cameraMode":{"drawMode":0,"name":"Shaded","section":"Shading Mode"},"sceneLighting":true,"audioPlay":false,"sceneViewState":{"showFog":true,"showMaterialUpdate":false,"showSkybox":true,"showFlares":true,"showImageEffects":true,"showParticleSystems":true},"in2DMode":false,"pivot":{"x":23.31949234008789,"y":-13.8125,"z":-10.344979286193848},"rotation":{"x":0.2876874506473541,"y":0.4525335431098938,"z":-0.1569775491952896,"w":0.829342246055603},"size":156.72776794433595,"orthographic":true}