{"cameraMode":{"drawMode":0,"name":"Shaded","section":"Shading Mode"},"sceneLighting":true,"audioPlay":false,"sceneViewState":{"showFog":true,"showMaterialUpdate":false,"showSkybox":true,"showFlares":true,"showImageEffects":true,"showParticleSystems":true},"in2DMode":false,"pivot":{"x":113.65669250488281,"y":3.2991676330566408,"z":67.18218231201172},"rotation":{"x":0.3572438359260559,"y":0.334431529045105,"z":-0.13876521587371827,"w":0.8609752655029297},"size":62.19980239868164,"orthographic":false}